URL,Date
https://jaxtina.com/cac-trung-tam-luyen-thi-ielts-tot-nhat-ha-noi/,
https://jaxtina.com/cac-trung-tam-luyen-thi-ielts-tot-nhat-ha-noi/,
https://jaxtina.com/hoc-ielts-cho-nguoi-di-lam/,
https://jaxtina.com/hoc-ielts-cho-nguoi-mat-goc/,
https://jaxtina.com/hoc-ielts-cho-nguoi-di-lam/,
https://jaxtina.com/hoc-ielts-cho-nguoi-di-lam/,
https://jaxtina.com/luyen-de-ielts/,
https://jaxtina.com/trung-tam-luyen-thi-ielts-tphcm/,
https://jaxtina.com/trung-tam-luyen-thi-ielts-tphcm/,
https://jaxtina.com/trung-tam-luyen-thi-ielts-tphcm/,
https://jaxtina.com/trung-tam-luyen-thi-ielts-tphcm/,
https://jaxtina.com/trung-tam-luyen-thi-ielts-tphcm/,
https://jaxtina.com/trung-tam-luyen-thi-ielts/,
https://jaxtina.com/trung-tam-tieng-anh-cho-nguoi-di-lam/,
https://jaxtina.com/trung-tam-tieng-anh-cho-nguoi-di-lam/,
https://jaxtina.com/trung-tam-tieng-anh-cho-nguoi-mat-goc-o-tphcm/,
https://jaxtina.com/trung-tam-tieng-anh-cho-nguoi-mat-goc-o-tphcm/,
https://jaxtina.com/trung-tam-tieng-anh-sai-gon/,
https://jaxtina.com/trung-tam-tieng-anh-sai-gon/,
https://jaxtina.com/trung-tam-tieng-anh-sai-gon/,
https://jaxtina.com/trung-tam-tieng-anh-tai-ha-noi/,
https://jaxtina.com/trung-tam-toeic-ha-noi/,
https://jaxtina.com/trung-tam-toeic-ha-noi/,
https://jaxtina.com/trung-tam-toeic-ha-noi/,
https://jaxtina.com/trung-tam-toeic-ha-noi/,
https://jaxtina.com/trung-tam-toeic-ha-noi/,
https://jaxtina.com/trung-tam-toeic-ha-noi/,
https://jaxtina.com/trung-tam-toeic-ha-noi/,
https://jaxtina.com/4-cuon-sach-ngu-phap-tieng-anh-chon-loc/,
https://jaxtina.com/50-tu-vung-tieng-anh-ve-quan-ao/,
https://jaxtina.com/a2-tuong-duong-bao-nhieu-ielts/,
https://jaxtina.com/app-luyen-thi-toeic/,
https://jaxtina.com/b1-la-bao-nhieu-ielts/,
https://jaxtina.com/bai-doc-ve-chu-de-eating-habits/,
https://jaxtina.com/bang-c1-tieng-anh-tuong-duong-ielts/,
https://jaxtina.com/cac-chu-de-speaking-ielts/,
https://jaxtina.com/cac-ngoi-trong-tieng-anh/,
https://jaxtina.com/cac-website-chua-bai-writing-ielts-mien-phi/,
https://jaxtina.com/cach-dung-there-is-there-are-this-that-these-those/,
https://jaxtina.com/cach-hoi-va-tra-loi-voi-dang-cau-do-you-know-where-i-dont-know-what/,
https://jaxtina.com/cach-noi-chuyen-voi-would-you-like-id-like/,
https://jaxtina.com/cau-chuyen-van-hoc-tieng-anh-phan-1/,
https://jaxtina.com/cau-hoi-wh-va-cau-hoi-yes-no/,
https://jaxtina.com/cau-truc-de-thi-toeic-2-ky-nang/,
https://jaxtina.com/cau-truc-find/,
https://jaxtina.com/cau-truc-forget/,
https://jaxtina.com/cau-truc-stop/,
https://jaxtina.com/chien-thuat-lam-dang-bai-summary-completion/,
https://jaxtina.com/collins-for-ielts/,
https://jaxtina.com/cum-tu-tieng-anh-ve-viec-nha/,
https://jaxtina.com/dai-tu-nghi-van/,
https://jaxtina.com/dai-tu-va-tu-han-dinh-trong-tieng-anh/,
https://jaxtina.com/dang-bai-short-conversation-toeic-part-3/,
https://jaxtina.com/dang-ky-thi-toeic-4-ky-nang/,
https://jaxtina.com/de-thi-ielts-writing-2022/,
https://jaxtina.com/diet-dat-dong-y-bang-tieng-anh/,
https://jaxtina.com/do-dung-trong-nha-bep-bang-tieng-anh/,
https://jaxtina.com/dong-tu-di-kem-voi-v-ing-to-verb-hoac-ca-v-ing-va-to-verb/,
https://jaxtina.com/ghi-nho-10-000-tu-tieng-anh-thong-dung-nhat/,
https://jaxtina.com/hoc-sinh-cap-3-co-nen-hoc-ielts-khong/,
https://jaxtina.com/hoc-toeic-co-giao-tiep-duoc-khong/,
https://jaxtina.com/hoc-tu-vung-tieng-anh-chuyen-nganh-bep/,
https://jaxtina.com/hoc-tu-vung-toeic-sieu-toc/,
https://jaxtina.com/ielts-55-co-di-du-hoc-duoc-khong/,
https://jaxtina.com/ielts-dinh-cu/,
https://jaxtina.com/ielts-speaking-cau-truc-hay-ve-chu-de-weather/,
https://jaxtina.com/ielts-trainer/,
https://jaxtina.com/kho-tu-vung-ve-chu-de-kinh-doanh/,
https://jaxtina.com/lam-quen-mau-answer-sheet-moi/,
https://jaxtina.com/lien-tu-phu-thuoc/,
https://jaxtina.com/lop-12-co-nen-hoc-ielts/,
https://jaxtina.com/luyen-dich-tieng-anh-qua-bao-chi/,
https://jaxtina.com/luyen-nghe-ielts-cho-nguoi-moi-bat-dau/,
https://jaxtina.com/luyen-tap-questions-67-phan-3/,
https://jaxtina.com/mat-goc-nen-hoc-toeic-hay-ielts/,
https://jaxtina.com/mat-goc-tieng-anh-co-nen-hoc-ielts/,
https://jaxtina.com/mau-cau-chao-hoi-giup-ban-giao-tiep-bang-tieng-anh-tu-nhien-hon/,
https://jaxtina.com/mau-cau-thong-dung-ve-ky-nghi/,
https://jaxtina.com/mau-cau-viet-bai-neu-quan-diem-ca-nhan-thuyet-phuc/,
https://jaxtina.com/meo-thi-toeic-phan-nghe/,
https://jaxtina.com/miss-mrs-ms/,
https://jaxtina.com/moi-hoc-tieng-anh-nen-hoc-ky-nang-nao-truoc/,
https://jaxtina.com/nen-hoc-chung-chi-tieng-anh-nao-de-de-xin-viec/,
https://jaxtina.com/nen-hoc-tieng-anh-online-hay-offline/,
https://jaxtina.com/nguon-doc-giup-cai-thien-diem-toeic-reading/,
https://jaxtina.com/noi-ve-cuoc-song-hang-ngay-bang-tieng-anh/,
https://jaxtina.com/overview-writing-task-1/,
https://jaxtina.com/phan-biet-thi-hien-tai-hoan-thanh-va-thi-hien-tai-hoan-thanh-tiep-dien/,
https://jaxtina.com/quy-tac-ngu-phap-phai-nam-ro-trong-bai-thi-toeic-writing/,
https://jaxtina.com/sach-600-tu-vung-chinh-phuc-900-toeic/,
https://jaxtina.com/sach-hoc-ielts-cho-nguoi-mat-goc/,
https://jaxtina.com/sach-hoc-toeic-cho-nguoi-moi-bat-dau/,
https://jaxtina.com/sach-luyen-nghe-trinh-do-a2/,
https://jaxtina.com/sach-luyen-thi-toeic-listening-muc-tieu-450-500/,
https://jaxtina.com/sach-luyen-thi-toeic-reading-muc-tieu-450-500/,
https://jaxtina.com/sap-xep-cac-tu-de-thanh-cau-hoan-chinh/,
https://jaxtina.com/su-dung-although-even-though-though-despite-in-spite-of/,
https://jaxtina.com/su-khac-biet-giua-stay-tell-ask-speak/,
https://jaxtina.com/tai-lieu-ielts-listening-the-dang-bai/,
https://jaxtina.com/tai-lieu-luyen-thi-toeic-writing-va-speaking/,
https://jaxtina.com/tam-quan-trong-cua-tieng-anh-trong-cong-viec/,
https://jaxtina.com/thi-cong-chuc-can-bang-tieng-anh-gi/,
https://jaxtina.com/thi-qua-khu-don-va-thi-qua-khu-tiep-dien/,
https://jaxtina.com/thi-thu-toeic-reading-phan-3/,
https://jaxtina.com/thu-thach-nghe-ban-tin-bang-tieng-anh/,
https://jaxtina.com/tieng-anh-chuyen-nganh-thiet-ke-do-hoa/,
https://jaxtina.com/tieng-anh-chuyen-nganh-xay-dung/,
https://jaxtina.com/tieng-anh-giao-tiep-nha-hang-khach-san/,
https://jaxtina.com/toeic-450/,
https://jaxtina.com/toeic-600/,
https://jaxtina.com/toeic-economy/,
https://jaxtina.com/trang-web-hoc-tieng-anh-cho-nguoi-mat-goc/,
https://jaxtina.com/tu-vung-quan-diem-ca-nhan-de-tra-loi-question-11-toeic-speaking/,
https://jaxtina.com/tu-vung-tieng-anh-chuyen-nganh-duoc/,
https://jaxtina.com/tu-vung-tieng-anh-giao-tiep-cho-nguoi-di-lam/,
https://jaxtina.com/tu-vung-ve-chu-de-ngon-ngu-quoc-gia-va-con-nguoi/,
https://jaxtina.com/tu-vung-ve-nhung-do-dung-trong-phong-tam/,
https://jaxtina.com/tu-vung-y-te-va-kham-benh/,
https://jaxtina.com/web-doc-bao-tieng-anh/,
https://jaxtina.com/game-hoc-tieng-anh-tren-may-tinh/,
https://jaxtina.com/bo-sach-oxford-bookworms/,
https://jaxtina.com/su-khac-nhau-giua-van-noi-va-van-viet/,
https://jaxtina.com/cach-su-dung-voi-dong-tu-bring/,
https://jaxtina.com/tu-vung-chu-de-nau-an/,
https://jaxtina.com/huong-dan-cach-viet-va-trinh-bay-cv-tieng-anh-an-tuong/,
https://jaxtina.com/cach-su-dung-voi-dong-tu-get/,
https://jaxtina.com/cach-the-hien-cac-cap-do-chac-chan-va-khong-chac-chan/,
https://jaxtina.com/tu-vung-chu-de-dam-cuoi/,
https://jaxtina.com/nhung-cau-noi-tieng-anh-ve-tinh-yeu-hay-nhat/,
https://jaxtina.com/bai-tap-tieng-anh-nang-cao-phan-2/,
https://jaxtina.com/tu-vung-tieng-anh-ve-doi-song-sinh-vien/,
https://jaxtina.com/doc-ve-chu-de-van-hoa/,
https://jaxtina.com/cach-su-dung-could-was-were-able-to-va-managed-to/,
https://jaxtina.com/truyen-ngan-song-ngu-the-last-leaf/,
https://jaxtina.com/dong-tu-the-hien-su-chuyen-dong/,
https://jaxtina.com/cach-ngat-nghi-hoac-len-xuong-ngu-dieu-trong-cau/,
https://jaxtina.com/tu-vung-chu-de-su-de-doa-den-the-gioi-hoang-da/,
https://jaxtina.com/dat-cau-voi-tu-moi-giup-nho-tu-vung-nhanh-hon/,
https://jaxtina.com/bai-danh-gia-sach-hay/,
https://jaxtina.com/cach-su-dung-cua-be-have-do-trong-cac-thi-hien-tai-va-qua-khu/,
https://jaxtina.com/tu-hoc-dam-thoai-tieng-anh-hang-ngay/,
https://jaxtina.com/cac-phep-lich-su-khi-noi-chuyen-dien-thoai/,
https://jaxtina.com/cach-noi-xin-loi-va-cam-on-trong-tieng-anh/,
https://jaxtina.com/intensive-reading-la-gi/,
https://jaxtina.com/30-tuoi-hoc-tieng-anh-co-muon/,
https://jaxtina.com/recall-to-v-hay-ving/,
https://jaxtina.com/phuong-phap-noi-giong-my-chuan-xac-ann-cook/,
https://jaxtina.com/ielts-55-co-di-du-hoc-duoc-khong/,
https://jaxtina.com/cach-phan-tich-bai-mau-ielts-writing/,
https://jaxtina.com/cac-buoc-viet-bai-opinion-essay-question-8-trong-toeic-writing/,
https://jaxtina.com/tactics-for-toeic-speaking-and-writing-tests/,
https://jaxtina.com/hoc-toeic-cho-nguoi-di-lam/,
https://jaxtina.com/luyen-thi-toeic-tphcm/,
https://jaxtina.com/thach-thuc-khi-hoc-tieng-anh/,
https://jaxtina.com/tan-dung-instagram-nang-cao-ky-nang-doc-hieu/,
https://jaxtina.com/gioi-thieu-sach-english-vocabulary-in-use-giup-nam-vung-tu-vung/,
https://jaxtina.com/8-y-tuong-hoc-tieng-anh-5-phut-moi-ngay/,
https://jaxtina.com/tu-vung-va-cau-truc-viet-email/,
https://jaxtina.com/lay-lai-goc-tieng-anh-trong-1-thang/,
https://jaxtina.com/cum-tu-thu-vi-phim-how-i-met-your-mother/,
https://jaxtina.com/tu-vung-ve-nhung-vat-dung-trong-phong-khach/,
https://jaxtina.com/hoi-thoai-dat-phong-khach-san-bang-tieng-anh/,
https://jaxtina.com/phan-biet-giong-anh-anh-anh-mi-anh-uc/,
https://jaxtina.com/cac-bai-doc-chu-de-dong-vat/,
https://jaxtina.com/tu-vung-ve-chu-de-nong-thon/,
https://jaxtina.com/meo-hoc-thuoc-bang-dong-tu-bat-quy-tac/,
https://jaxtina.com/tu-vung-ve-chu-de-mo-ta-nguoi/,
https://jaxtina.com/tu-vung-chu-de-cam-giac/,
https://jaxtina.com/cau-dieu-uoc-o-qua-khu/,
https://jaxtina.com/tu-vung-chu-de-ngoai-hinh/,
https://jaxtina.com/bo-tu-dien-tieng-anh-bang-hinh-anh-oxford/,
https://jaxtina.com/phan-biet-both-either-va-neither/,
https://jaxtina.com/sach-hoc-tieng-anh-cap-toc-hieu-qua/,
https://jaxtina.com/tend-to-v-hay-ving/,
https://jaxtina.com/postpone-to-v-hay-ving/,
https://jaxtina.com/go-on-to-v-hay-ving/,
https://jaxtina.com/your-va-yours/,
https://jaxtina.com/my-va-mine/,
https://jaxtina.com/luyen-noi-tieng-anh-nhu-nguoi-ban-ngu-pdf/,
https://jaxtina.com/cum-danh-tu-trong-toeic/,
https://jaxtina.com/hoc-ielts-cho-nguoi-mat-goc/,
https://jaxtina.com/hoc-ielts-cho-nguoi-di-lam/,
https://jaxtina.com/trung-tam-luyen-thi-ielts-tphcm/,
https://jaxtina.com/trung-tam-tieng-anh-sai-gon/,
,
,
,
,
,
,
,
,
,
,
,
,
,
,
,
,
,
,
,
,
,
,
,
,
,
,
,
,
,
,
,
,
,
,
,
,
,
,
,
,
,
,
,
,
,
,
,
,
,
,
,
,
,
,
,
,
,
,
,
,
,
,
,
,
,
,
,
,
,
,
,
,
,
,
,
,
,
,
,
,
,
,
,
,
,
,
,
,
,
,
,
,
,
,
,
,
,
,
,
,
,
,
,
,
,
,
,
,
,
,
,
,
,
,
,
,
,
,
,
,
,
,
,
,
,
,
,
,
,
,
,
,
,
,
,
,
,
,
,
,
,
,
,
,
,
,
,
,
,
,
,
,
,
,
,
,
,
,
,
,
,
,
,
,
,
,
,
,
,
,
,
,
,
,
,
,
,
,
,
,
,
,
,
,
,
,
,
,
,
,
,
,
,
,
,
,
,
,
,
,
,
,
,
,
,
,
,
,
,
,
,
,
,
,
,
,
,
,
,
,
,
,
,
,
,
,
,
,
,
,
,
,
,
,
,
,
,
,
,
,
,
,
,
,
,
,
,
,
,
,
,
,
,
,
,
,
,
,
,
,
,
,
,
,
,
,
,
,
,
,
,
,
,
,
,
,
,
,
,
,
,
,
,
,
,
,
,
,
,
,
,
,
,
,
,
,
,
,
,
,
,
,
,
,
,
,
,
,
,
,
,
,
,
,
,
,
,
,
,
,
,
,
,
,
,
,
,
,
,
,
,
,
,
,
,
,
,
,
,
,
,
,
,
,
,
,
,
,
,
,
,
,
,
,
,
,
,
,
,
,
,
,
,
,
,
,
,
,
,
,
,
,
,
,
,
,
,
,
,
,
,
,
,
,
,
,
,
,
,
,
,
,
,
,
,
,
,
,
,
,
,
,
,
,
,
,
,
,
,
,
,
,
,
,
,
,
,
,
,
,
,
,
,
,
,
,
,
,
,
,
,
,
,
,
,
,
,
,
,
,
,
,
,
,
,
,
,
,
,
,
,
,
,
,
,
,
,
,
,
,
,
,
,
,
,
,
,
,
,
,
,
,
,
,
,
,
,
,
,
,
,
,
,
,
,
,
,
,
,
,
,
,
,
,
,
,
,
,
,
,
,
,
,
,
,
,
,
,
,
,
,
,
,
,
,
,
,
,
,
,
,
,
,
,
,
,
,
,
,
,
,
,
,
,
,
,
,
,
,
,
,
,
,
,
,
,
,
,
,
,
,
,
,
,
,
,
,
,
,
,
,
,
,
,
,
,
,
,
,
,
,
,
,
,
,
,
,
,
,
,
,
,
,
,
,
,
,
,
,
,
,
,
,
,
,
,
,
,
,
,
,
,
,
,
,
,
,
,
,
,
,
,
,
,
,
,
,
,
,
,
,
,
,
,
,
,
,
,
,
,
,
,
,
,
,
,
,
,
,
,
,
,
,
,
,
,
,
,
,
,
,
,
,
,
,
,
,
,
,
,
,
,
,
,
,
,
,
,
,
,
,
,
,
,
,
,
,
,
,
,
,
,
,
,
,
,
,
,
,
,
,
,
,
,
,
,
,
,
,
,
,
,
,
,
,
,
,
,
,
,
,
,
,
,
,
,
,
,
,
,
,
,
,
,
,
,
,
,
,
,
,
,
,
,
,
,
,
,
,
,
,
,
,
,
,
,
,
,
,
,
,
,
,
,
,
,
,
,
,
,
,
,
,
,
,
,
,
,
,
,
,
,
,
,
,
,
,
,
,
,
,
,
,
,
,
,
,
,
,
,
,
,
,
,
